number,name,serving_size,calories,total_fat,saturated_fat,cholesterol,protein,carbohydrate,fiber,sugars,lactose,fat,saturated_fatty_acids,monounsaturated_fatty_acids,polyunsaturated_fatty_acids,water
1,Pav Bhaji,196,581,20.52,19.5,68,18.8,20.7,8.27,8.16,0.0,45.78,4.1,11.19,5.48,34.74
2,Misal Pav,318,685,49.44,14.05,49,26.67,31.62,2.89,11.48,3.41,11.8,19.06,13.68,2.02,40.99
3,Sooji Halwa,319,607,19.48,6.4,2,28.26,49.25,3.85,19.41,3.06,8.13,3.65,11.18,3.17,26.2
4,Gatte ki Sabzi,183,389,9.77,7.15,80,11.52,33.86,4.4,13.56,0.0,48.38,15.57,9.42,3.3,55.28
5,Undhiyu,284,706,46.48,17.11,39,9.53,27.37,8.22,18.81,2.73,41.96,4.33,10.23,3.16,69.66
6,Rasgulla,192,283,41.03,9.22,54,5.42,78.2,5.54,14.08,0.0,38.07,18.19,12.42,2.49,13.38
7,Dal Baati Churma,396,227,24.26,7.18,83,10.27,36.66,8.82,4.92,0.0,10.58,12.4,3.96,8.74,49.45
8,Appam,375,753,22.24,13.17,65,8.54,56.12,5.03,21.7,0.0,40.73,14.83,7.41,7.72,33.41
9,Besan Laddu,307,159,25.01,14.38,51,13.04,24.36,2.68,20.58,2.53,26.85,9.13,4.38,4.32,25.23
10,Filter Coffee,150,351,42.48,11.55,93,15.51,64.81,3.52,14.03,0.0,24.45,15.12,7.26,1.56,25.75
11,Mutton Curry,162,591,46.3,10.65,58,15.57,62.06,5.77,10.66,0.94,5.09,5.65,10.85,7.63,38.56
12,Bhindi Masala,210,653,16.61,19.76,15,26.76,61.94,3.36,15.91,1.09,20.2,16.13,13.99,3.38,27.65
13,Chaas,219,745,17.47,16.9,23,26.08,70.44,4.99,29.23,0.98,35.43,11.53,11.95,1.56,54.09
14,Nankhatai,332,545,37.22,3.68,48,27.31,49.5,6.14,12.63,0.0,47.78,14.14,3.57,2.03,34.22
15,Mysore Pak,392,501,44.63,18.7,92,21.9,71.44,7.52,17.19,0.0,26.73,9.52,9.37,5.74,20.93
16,Mutton Curry,299,564,6.49,11.86,79,4.0,12.05,6.12,25.0,0.71,41.32,6.7,8.9,4.58,26.43
17,Thukpa,353,432,31.63,9.05,59,22.65,51.54,8.08,17.96,3.16,30.34,17.42,8.02,7.73,60.72
18,Chicken 65,167,288,40.8,14.75,46,28.14,19.06,2.98,12.33,0.0,47.32,16.75,12.38,5.68,49.36
19,Tandoori Chicken,186,383,17.12,18.64,41,28.7,34.53,7.01,22.24,4.49,8.63,9.8,2.84,1.91,30.57
20,Samosa,109,361,20.96,6.39,21,7.23,58.57,6.18,22.75,0.0,23.11,4.08,7.17,4.73,53.4
21,Jalebi,231,621,39.24,2.95,39,14.85,39.52,2.14,16.15,1.85,39.77,18.79,5.49,5.04,21.82
22,Jalebi,103,192,8.55,2.12,52,25.95,74.28,4.51,10.59,0.0,34.24,3.26,5.39,2.97,26.69
23,Kadhi Pakora,168,686,31.72,3.18,70,20.53,68.31,2.76,12.89,0.0,48.02,18.39,9.82,3.49,20.34
24,Samosa,340,488,26.61,9.9,66,4.61,55.69,7.21,27.49,0.0,13.89,18.85,7.68,3.26,18.79
25,Malai Kofta,157,456,22.28,4.83,18,8.08,45.64,9.65,2.02,0.83,27.56,4.39,6.22,4.13,41.85
26,Rogan Josh,123,668,25.41,3.58,90,18.36,78.58,9.69,25.49,0.0,15.85,12.2,14.63,9.18,39.59
27,Masala Chai,127,489,17.51,7.03,55,9.51,55.11,6.42,29.47,2.94,9.82,4.88,4.07,4.82,45.04
28,Handvo,318,394,38.4,16.62,76,23.65,17.54,9.23,10.92,2.3,40.04,2.07,8.62,4.13,15.2
29,Paneer Butter Masala,258,279,35.5,19.55,80,14.71,40.1,8.05,16.65,0.0,41.61,9.19,1.04,1.12,42.32
30,Chole Bhature,262,711,40.4,11.72,92,16.28,49.18,1.34,21.53,0.0,23.23,12.71,7.73,3.46,52.16
31,Modak,239,351,43.8,6.72,29,20.64,15.24,9.85,7.97,0.0,23.52,16.77,2.58,7.51,53.81
32,Palak Paneer,256,311,16.19,16.53,27,26.88,50.4,8.16,22.0,4.99,34.73,17.37,10.74,2.87,16.36
33,Dal Tadka,187,740,10.44,10.88,92,5.0,41.19,3.46,3.83,0.0,10.39,16.64,13.78,4.34,64.08
34,Litti Chokha,192,769,28.38,17.14,100,23.08,28.56,8.26,18.45,0.0,36.94,7.36,3.56,9.54,54.49
35,Srikhand,167,447,27.34,3.57,58,29.02,55.59,3.87,4.25,0.0,24.17,10.72,14.87,6.03,38.88
36,Hyderabadi Biryani,310,301,7.0,7.66,23,18.59,21.82,2.38,2.86,0.0,36.62,2.07,6.35,4.33,69.11
37,Masala Chai,394,186,38.02,19.68,85,21.35,49.93,6.34,24.28,0.0,42.87,10.04,8.03,4.07,45.4
38,Tandoori Chicken,160,421,33.71,12.38,89,5.14,11.16,3.4,9.32,0.0,5.65,17.74,1.46,4.79,13.76
39,Mango Lassi,273,486,22.32,11.99,15,13.93,23.42,2.44,5.8,0.0,48.61,12.66,12.13,8.38,40.41
40,Momos,247,679,25.67,2.0,96,14.97,48.39,5.14,28.29,0.0,41.51,19.41,7.5,5.59,32.12
41,Pav Bhaji,103,183,39.83,5.6,43,29.89,60.88,6.72,9.98,4.52,35.99,15.75,12.85,4.49,58.95
42,Methi Thepla,140,443,27.21,14.59,4,25.02,52.28,8.57,1.04,0.0,9.68,2.72,7.34,1.91,11.88
43,Pongal,299,458,5.61,18.94,90,3.89,68.62,5.63,24.18,4.93,35.46,15.1,10.01,5.14,23.33
44,Vegetable Biryani,365,287,38.64,15.53,67,22.61,71.88,6.12,15.72,3.3,49.28,2.64,14.35,1.23,50.15
45,Pongal,243,697,20.26,10.31,3,4.85,68.37,6.12,17.14,4.24,32.34,12.32,13.85,5.6,44.38
46,Modak,249,640,5.6,2.43,10,12.83,67.06,8.72,6.97,0.0,30.37,17.19,7.1,4.55,14.41
47,Sooji Halwa,326,553,11.19,5.42,59,5.76,27.9,8.24,14.04,1.67,20.98,17.19,2.46,4.03,24.76
48,Sooji Halwa,272,602,38.7,15.44,19,19.0,64.82,3.83,2.49,3.15,25.86,12.25,1.49,1.98,68.9
49,Rogan Josh,271,215,17.12,13.65,47,13.56,45.91,7.43,24.22,0.35,44.96,18.28,7.82,1.64,61.79
50,Gulab Jamun,167,253,37.46,14.31,98,17.58,36.91,4.02,13.34,0.0,6.01,4.77,8.82,1.01,60.02
51,Butter Naan,104,309,13.37,2.71,71,22.27,69.97,7.02,21.45,0.0,17.2,7.78,10.31,5.23,38.5
52,Fish Curry,234,172,9.42,9.54,100,6.85,38.14,6.16,22.81,0.0,14.26,12.46,6.6,4.64,52.63
53,Chaas,149,453,35.0,15.23,35,19.16,11.86,2.04,19.41,1.6,13.44,16.47,6.39,9.6,46.87
54,Palak Paneer,312,189,19.85,14.0,88,3.36,16.19,4.0,5.56,0.12,49.24,16.21,8.89,5.86,14.62
55,Masala Dosa,375,519,7.56,8.72,38,19.82,76.68,5.43,18.72,3.33,35.14,5.42,5.08,7.44,32.96
56,Thekua,386,733,43.49,10.25,76,14.99,46.47,7.81,10.26,0.0,17.92,3.09,14.95,6.22,42.98
57,Modak,136,633,37.84,9.67,60,23.86,39.81,4.03,19.24,0.0,41.1,7.18,10.01,3.3,37.66
58,Basundi,271,544,7.29,6.23,28,14.17,42.55,1.14,0.64,3.53,13.06,14.86,9.09,6.74,62.44
59,Pongal,207,615,5.74,6.33,44,8.13,71.15,3.98,16.02,0.0,9.18,2.6,14.19,6.88,56.87
60,Rasgulla,332,203,5.62,2.94,85,23.22,54.51,4.29,24.39,1.78,31.28,19.83,11.55,6.04,49.99
61,Dal Baati Churma,327,153,7.46,16.59,16,10.36,42.42,3.66,5.35,4.07,9.46,16.47,9.12,6.39,26.71
62,Vada Pav,105,706,19.17,18.25,29,4.19,12.52,5.67,23.19,0.59,32.99,4.35,14.45,4.9,16.15
63,Paneer Butter Masala,310,511,38.03,10.61,0,2.83,17.75,7.03,10.6,0.0,23.82,3.34,4.25,8.68,31.07
64,Pani Puri,304,553,31.36,8.37,36,15.77,69.88,3.54,26.14,0.0,20.23,5.54,4.11,4.43,30.62
65,Idiyappam,308,302,48.13,9.65,76,14.38,68.57,4.64,23.85,0.0,10.98,15.42,9.0,3.52,59.04
66,Baingan Bharta,350,560,12.6,6.83,38,2.55,25.76,3.73,28.47,0.0,30.71,8.25,3.22,3.28,28.02
67,Rabri,147,488,8.65,13.32,31,14.75,52.65,3.99,16.19,0.97,28.24,5.36,6.39,1.09,38.59
68,Momos,382,361,46.48,18.89,30,26.37,55.68,8.6,27.74,0.0,13.41,13.77,14.94,9.1,56.48
69,Misal Pav,351,776,6.81,12.34,4,21.15,40.56,2.73,14.39,0.0,5.96,11.67,6.59,7.16,15.54
70,Mango Lassi,232,233,39.16,3.4,70,28.41,36.16,6.39,19.03,0.76,15.34,15.09,14.17,7.77,58.96
71,Vegetable Biryani,250,291,26.33,2.61,24,14.18,58.02,7.02,28.11,0.0,8.77,19.03,10.81,5.43,17.53
72,Aloo Paratha,167,689,27.9,17.32,70,5.79,76.28,3.24,17.07,2.03,5.52,19.1,8.32,7.75,17.23
73,Pesarattu,197,182,31.22,12.09,19,19.11,18.7,5.57,28.49,4.16,28.92,19.33,11.54,7.74,46.52
74,Palak Paneer,371,691,43.15,5.99,22,19.69,47.96,7.44,23.89,0.0,43.82,7.6,2.05,4.33,62.54
75,Rabri,282,179,10.37,18.52,98,2.55,16.45,9.93,10.63,2.85,37.74,12.78,14.39,2.15,39.15
76,Masala Chai,100,641,11.56,9.86,80,23.41,33.22,9.91,26.75,3.31,31.19,14.82,4.71,8.23,16.73
77,Chicken 65,102,426,43.18,7.3,77,15.83,28.8,6.6,15.22,0.0,22.3,7.59,12.75,3.21,10.87
78,Puttu,218,227,28.71,10.89,61,13.36,64.24,8.41,27.02,0.0,18.62,13.26,5.74,6.59,69.75
79,Samosa,393,695,38.24,3.71,0,11.19,51.46,4.7,22.71,0.0,5.54,12.79,12.03,1.61,13.65
80,Paneer Butter Masala,181,197,34.45,5.84,39,13.89,48.22,1.04,18.15,1.37,30.17,2.4,12.84,5.9,39.98
81,Pesarattu,283,775,43.34,6.73,39,27.59,58.91,9.95,6.48,0.58,31.71,9.67,8.19,8.43,11.93
82,Shahi Paneer,323,335,37.2,9.59,8,29.08,52.58,8.85,3.31,0.0,21.05,17.4,9.44,8.56,60.45
83,Kheer,231,722,28.06,16.54,21,11.73,26.15,6.61,4.12,0.0,44.56,8.38,11.73,9.81,32.57
84,Handvo,147,536,39.09,14.17,64,11.84,21.47,10.0,18.16,0.0,19.13,4.47,3.63,1.01,30.44
85,Chicken 65,318,485,24.5,6.67,81,15.34,10.2,2.25,7.86,0.0,14.78,3.81,1.35,7.82,35.41
86,Khakhra,109,601,43.15,2.67,91,4.74,29.92,5.11,4.08,0.0,23.63,15.18,9.52,1.83,43.72
87,Makki ki Roti,268,652,45.92,9.51,40,7.37,14.91,6.61,20.21,0.51,11.57,18.2,5.45,3.37,56.25
88,Vada Pav,162,710,30.19,16.62,69,5.01,46.69,9.71,14.5,0.0,11.47,18.17,5.47,4.72,44.03
89,Pani Puri,190,785,47.31,18.5,57,8.24,47.66,6.32,12.9,0.0,29.5,14.78,4.09,4.34,46.7
90,Dhokla,309,596,7.79,7.75,46,28.19,21.41,1.61,20.54,0.0,36.04,5.63,7.85,8.65,34.73
91,Gulab Jamun,195,598,32.07,7.83,3,21.73,68.94,1.8,4.03,0.0,49.33,5.27,12.17,1.93,18.07
92,Appam,247,171,46.95,15.78,35,15.92,26.53,8.84,10.85,0.0,34.3,4.21,11.6,7.61,63.55
93,Kadhi Pakora,281,532,34.87,13.86,28,8.01,62.72,9.31,8.53,0.0,32.6,9.21,9.24,7.73,34.77
94,Dal Baati Churma,201,539,43.87,10.81,77,23.05,77.23,1.93,22.09,2.35,48.62,6.73,4.35,9.83,66.22
95,Makki ki Roti,310,644,37.43,13.68,98,22.25,68.01,2.11,5.45,2.67,23.01,8.41,5.82,6.29,10.43
96,Gatte ki Sabzi,104,199,36.44,13.14,97,2.37,76.05,4.5,2.09,3.58,41.02,13.3,3.02,2.37,53.67
97,Tandoori Chicken,175,531,7.63,5.55,90,29.38,48.9,8.82,21.37,0.0,19.99,17.06,2.63,6.67,62.95
98,Rajma Chawal,200,321,37.65,13.55,32,19.39,69.06,7.43,11.95,0.89,32.07,9.99,8.85,7.92,47.05
99,Thekua,381,790,48.21,2.39,65,19.2,46.32,5.22,24.02,0.0,41.4,2.13,3.9,3.46,53.41
100,Sarson ka Saag,200,375,21.81,14.37,25,10.4,68.46,2.1,12.09,1.68,28.22,16.97,5.13,8.75,60.09
101,Masala Dosa,368,377,31.37,19.02,31,22.93,76.0,8.17,26.74,2.11,19.62,7.83,4.98,4.29,25.17
102,Undhiyu,390,362,43.72,12.87,71,22.73,65.91,2.0,23.13,4.16,32.72,6.04,11.33,6.04,16.87
103,Mysore Pak,104,347,34.26,15.91,27,2.23,28.71,5.69,10.9,0.0,19.5,5.74,2.36,8.88,54.49
104,Dal Tadka,227,593,41.06,11.73,30,29.28,47.09,3.45,8.67,4.74,45.44,2.77,13.09,3.6,14.08
105,Dhokla,285,307,35.54,18.88,58,8.96,52.22,3.43,2.34,0.0,39.99,13.01,13.6,8.38,58.85
106,Kheer,195,715,9.99,9.55,86,14.98,25.81,5.51,17.02,0.0,40.05,16.04,8.84,1.55,20.5
107,Bhindi Masala,158,604,39.8,14.3,88,6.04,19.0,8.54,5.47,3.61,12.95,19.71,3.15,7.68,11.36
108,Besan Laddu,296,456,31.65,4.05,81,27.59,37.41,8.81,17.69,0.0,38.11,3.68,4.56,6.83,37.0
109,Hyderabadi Biryani,344,700,42.05,8.64,66,21.82,61.47,4.71,22.84,2.33,48.98,13.15,5.35,2.29,29.85
110,Srikhand,254,229,33.15,9.84,4,21.47,36.95,5.61,17.48,2.84,25.08,9.02,1.77,7.99,67.97
111,Dahi Bhalla,137,369,18.87,2.86,79,9.57,76.33,4.45,15.69,0.0,41.7,10.66,2.77,7.58,11.51
112,Rajma Chawal,318,673,29.61,7.39,34,2.57,79.95,2.97,1.42,0.0,28.61,14.89,10.51,9.91,11.51
113,Momos,241,302,24.24,15.36,41,24.97,77.18,9.05,6.65,0.0,44.76,19.07,5.64,8.06,19.33
114,Basundi,295,786,47.59,6.41,96,27.08,59.08,5.93,24.27,3.8,24.27,5.85,4.98,8.83,42.01
115,Methi Thepla,306,598,43.94,19.06,16,14.08,37.58,8.53,23.51,0.0,7.81,16.89,2.96,6.95,65.28
116,Jalebi,343,280,47.26,17.04,70,21.09,45.78,4.83,27.41,1.41,49.08,6.7,1.73,5.81,18.09
117,Fish Curry,229,632,11.28,11.11,16,3.45,59.19,2.43,17.26,0.0,12.49,4.63,14.52,4.46,56.61
118,Misal Pav,250,387,23.87,10.23,81,6.23,79.66,6.43,1.01,3.73,7.3,14.48,13.47,1.1,42.98
119,Dal Tadka,205,800,39.42,19.84,48,2.38,11.26,5.11,28.51,3.91,14.45,16.48,3.32,1.44,18.85
120,Undhiyu,160,188,26.77,4.14,8,23.83,35.07,6.39,3.88,2.15,23.84,3.34,12.78,6.17,27.86
121,Appam,294,690,17.37,19.07,22,19.75,27.86,8.25,0.37,0.0,12.65,11.38,12.72,8.3,60.2
122,Misal Pav,232,537,38.66,11.71,78,24.92,22.92,7.17,17.99,0.88,16.88,12.06,5.98,7.7,15.07
123,Handvo,380,417,23.67,6.59,29,16.54,62.53,3.12,1.68,3.42,13.9,10.15,13.73,9.23,58.21
124,Litti Chokha,246,738,19.88,4.99,27,15.23,44.44,4.22,28.59,0.0,9.35,5.62,12.58,8.6,33.61
125,Rabri,112,651,35.41,18.37,83,15.26,75.04,1.8,6.83,0.0,40.81,2.6,7.83,3.18,45.52
126,Filter Coffee,326,408,12.51,5.03,81,12.5,78.03,9.71,4.81,1.88,7.32,14.54,6.88,4.25,48.64
127,Palak Paneer,279,442,49.09,3.82,15,21.12,66.37,9.97,21.22,0.0,46.23,16.66,13.08,1.45,15.22
128,Thekua,379,626,20.46,13.94,35,12.02,15.68,3.33,15.03,2.86,35.5,3.95,13.98,3.17,53.33
129,Dahi Bhalla,313,344,24.12,7.11,52,14.45,68.73,9.1,12.92,0.0,43.56,18.74,13.87,2.08,69.68
130,Pav Bhaji,204,603,40.92,8.17,0,6.85,66.58,1.86,15.95,1.71,9.64,2.07,10.55,7.22,35.95
131,Mutton Curry,327,426,44.77,17.6,88,16.24,28.66,4.61,16.39,1.54,32.66,2.98,2.05,8.73,42.52
132,Handvo,182,423,31.6,9.15,51,25.44,75.93,2.21,2.55,0.0,23.99,17.05,12.59,7.27,20.75
133,Vada Pav,223,539,30.78,11.39,50,21.15,58.45,3.42,8.14,1.94,40.14,16.56,3.54,2.87,24.15
134,Filter Coffee,125,671,8.08,14.64,27,14.39,55.68,1.31,17.91,0.0,29.1,4.74,10.93,5.28,48.88
135,Mysore Pak,152,200,7.27,11.69,2,13.89,11.59,9.06,12.07,3.42,32.36,17.67,2.65,5.92,57.15
136,Pesarattu,246,217,30.71,13.18,85,25.66,72.62,5.09,0.0,2.2,17.47,13.97,7.3,4.17,59.67
137,Chole Bhature,397,186,29.09,8.53,76,2.32,32.75,9.52,9.06,2.37,38.75,8.25,6.68,2.55,57.3
138,Khakhra,321,655,26.44,2.56,64,17.76,56.75,2.92,18.72,0.0,15.04,4.22,8.45,9.14,53.05
139,Basundi,300,277,49.79,16.04,24,26.72,56.66,2.32,29.82,2.44,32.18,18.55,5.16,9.2,18.47
140,Rogan Josh,192,208,15.32,15.46,87,12.56,69.22,5.46,29.84,1.16,28.92,18.48,11.96,8.54,61.7
141,Phirni,183,463,20.46,15.72,68,5.15,40.05,3.55,25.72,2.29,21.06,4.27,11.05,3.98,16.67
142,Gajar ka Halwa,252,668,21.75,6.62,59,26.82,17.35,6.6,21.22,0.0,33.53,5.16,13.98,2.12,35.62
143,Srikhand,158,647,18.3,9.8,70,20.22,32.31,9.78,19.13,2.12,13.81,9.11,1.54,6.48,34.4
144,Modak,247,584,25.79,10.61,26,21.85,32.54,7.91,21.14,0.0,17.73,16.61,8.68,4.42,21.28
145,Besan Laddu,239,170,26.79,19.9,92,8.07,62.0,3.51,29.21,0.0,40.83,11.4,11.71,7.3,66.24
146,Methi Thepla,365,321,38.69,12.93,11,22.99,33.63,9.77,4.5,0.0,21.59,4.64,5.63,5.7,40.0
147,Modak,182,357,43.81,17.41,12,26.47,16.0,2.78,6.01,3.62,11.55,8.93,2.12,6.56,10.21
148,Chole Bhature,309,226,5.94,14.44,93,2.14,48.46,9.37,6.3,0.0,42.79,16.32,7.91,8.66,23.26
149,Phirni,176,223,9.59,10.08,72,13.72,38.61,9.57,17.57,0.0,15.4,4.18,7.21,3.67,37.99
150,Mutton Curry,346,578,14.96,8.53,7,28.39,16.55,7.87,21.42,0.23,13.52,7.71,12.77,5.11,49.97
151,Butter Naan,293,193,8.23,12.57,36,14.18,48.95,1.05,2.38,0.0,5.53,11.15,8.75,8.67,63.22
152,Rasgulla,154,622,34.66,4.41,96,2.33,75.25,4.85,0.64,0.0,14.2,19.33,11.07,3.7,30.74
153,Thekua,150,181,7.96,5.72,64,5.6,70.65,5.98,13.81,2.35,43.41,17.12,8.18,3.06,69.99
154,Dal Tadka,124,384,25.57,7.91,92,4.55,58.57,8.73,9.73,0.0,20.11,13.39,7.87,7.18,50.01
155,Baingan Bharta,294,169,22.9,8.69,17,17.19,55.77,1.66,11.21,0.56,42.19,11.89,12.46,4.19,40.57
156,Thukpa,130,255,31.01,11.38,4,20.29,47.87,1.6,7.16,1.51,46.56,9.21,4.0,5.44,37.82
157,Sarson ka Saag,236,634,7.71,2.67,96,18.16,11.01,9.4,14.97,0.0,45.58,12.5,12.75,3.54,43.11
158,Dhokla,102,462,45.32,6.17,19,17.57,45.2,5.61,2.4,0.0,8.38,17.39,14.26,2.88,65.01
159,Thukpa,154,773,34.1,13.49,19,12.91,33.28,7.43,4.07,4.55,21.52,13.35,7.04,9.07,62.5
160,Pav Bhaji,213,731,11.61,8.39,3,11.39,56.42,9.68,22.45,0.0,13.13,11.23,12.09,7.69,59.22
161,Pongal,281,443,14.74,3.94,78,29.78,77.92,5.32,22.01,0.0,34.23,2.12,13.55,8.13,10.78
162,Momos,388,473,29.13,15.61,27,29.16,30.96,6.47,4.43,0.0,7.68,19.49,9.31,3.87,36.01
163,Dal Baati Churma,131,433,12.3,10.18,52,5.75,39.33,7.12,15.66,0.0,46.18,2.79,9.36,3.14,31.76
164,Dahi Bhalla,341,485,46.54,6.54,93,3.49,63.12,2.77,18.05,0.0,28.99,15.24,1.03,3.29,44.89
165,Litti Chokha,333,427,24.28,13.6,80,5.73,69.32,1.62,11.53,0.0,16.82,18.48,10.81,6.88,16.34
166,Dal Tadka,116,568,32.7,18.64,17,16.11,61.36,1.33,10.84,0.0,23.45,13.85,10.98,1.7,41.4
167,Butter Naan,315,481,38.46,8.11,16,2.75,22.33,4.47,9.05,0.0,16.55,5.35,5.54,9.59,47.98
168,Kheer,353,546,33.1,2.5,52,27.35,10.44,4.76,19.05,0.0,6.67,4.65,9.54,8.31,30.75
169,Sarson ka Saag,319,326,49.9,8.74,76,9.11,65.77,7.45,13.17,4.66,46.56,11.29,7.93,9.55,51.41
170,Dhokla,244,745,9.62,16.16,0,6.22,63.3,3.53,4.36,4.99,25.18,17.61,9.09,7.26,12.38
171,Paneer Butter Masala,305,637,30.37,12.87,88,26.75,58.74,7.49,1.13,4.65,5.29,14.46,8.21,5.81,31.25
172,Masala Dosa,208,641,49.13,16.92,65,11.37,34.31,1.63,2.66,0.0,39.0,11.38,6.04,8.51,63.17
173,Dahi Bhalla,337,610,7.89,16.68,25,24.14,28.4,4.23,27.55,0.43,20.62,15.03,6.75,1.42,36.26
174,Aloo Paratha,277,758,20.83,13.69,3,5.04,51.03,1.04,29.68,0.0,5.1,7.92,11.55,8.44,11.9
175,Litti Chokha,256,206,41.83,5.86,56,7.39,54.34,1.67,11.36,0.0,9.35,18.74,9.93,5.41,35.09
176,Hyderabadi Biryani,197,222,17.01,18.37,43,27.67,42.65,4.96,22.24,2.26,38.85,17.44,3.75,4.79,26.04
177,Gulab Jamun,122,594,32.96,12.52,83,24.95,47.73,4.77,17.61,0.0,49.9,11.9,12.96,3.74,31.89
178,Phirni,340,242,36.07,9.34,90,21.84,77.88,9.93,6.28,2.27,7.09,5.97,5.73,5.13,42.35
179,Malai Kofta,140,528,34.44,5.73,7,3.92,64.92,6.26,20.58,0.1,33.71,6.18,5.87,4.51,48.48
180,Mysore Pak,366,504,37.22,2.58,99,13.17,27.79,4.3,7.25,2.3,40.91,18.17,9.67,3.65,49.67
181,Idiyappam,397,489,24.99,16.64,55,13.63,71.66,6.03,25.7,0.54,47.86,11.22,5.75,8.4,26.9
182,Filter Coffee,374,680,19.59,12.22,24,27.86,60.11,9.24,14.32,0.0,49.82,2.56,9.8,1.53,39.65
183,Nankhatai,295,773,46.66,2.2,69,27.11,79.43,3.43,0.74,3.91,29.3,2.13,7.13,4.78,23.48
184,Methi Thepla,145,732,34.1,8.45,77,13.63,63.81,2.2,5.35,1.95,45.74,15.95,8.13,8.35,13.56
185,Filter Coffee,165,593,15.85,19.53,7,11.43,75.64,8.02,6.12,0.0,18.89,8.22,14.56,4.88,11.38
186,Sarson ka Saag,279,295,36.22,13.05,38,20.32,66.94,8.67,28.5,0.0,45.28,5.57,13.91,7.75,65.13
187,Sooji Halwa,242,340,27.68,17.35,1,25.53,51.05,4.55,16.22,1.75,49.43,15.08,9.08,6.75,17.84
188,Gajar ka Halwa,250,332,29.65,5.02,59,21.86,52.49,7.23,8.73,0.0,32.45,13.07,12.91,3.77,13.25
189,Mango Lassi,181,759,41.16,13.27,73,12.59,71.05,5.23,9.3,2.51,48.09,10.3,1.25,2.75,61.08
190,Makki ki Roti,254,431,41.64,17.08,44,25.12,49.42,6.57,10.22,0.0,46.42,16.45,3.97,5.3,48.81
191,Mango Lassi,374,333,42.96,14.23,75,12.59,23.97,1.76,13.83,2.1,6.81,2.97,6.77,6.72,20.5
192,Besan Laddu,245,727,45.84,4.25,42,26.97,14.64,3.99,11.97,1.03,25.99,4.69,9.81,7.41,51.62
193,Baingan Bharta,313,359,10.68,7.11,51,10.61,20.63,1.64,28.99,3.77,34.68,9.62,7.44,7.83,24.73
194,Rajma Chawal,314,466,36.51,6.69,7,11.42,24.7,6.12,7.09,0.0,12.55,6.06,10.49,6.37,19.47
195,Masala Dosa,330,739,32.37,8.46,75,2.74,57.1,1.36,14.84,1.81,20.67,11.33,7.01,1.44,51.74
196,Tandoori Chicken,196,767,41.95,16.55,82,16.44,17.11,4.13,13.04,1.08,32.43,11.35,8.38,8.34,24.71
197,Dal Baati Churma,221,685,36.58,7.65,74,5.44,54.65,3.65,12.82,0.0,30.04,6.17,1.16,5.32,37.07
198,Methi Thepla,144,511,29.84,4.9,66,2.15,14.69,2.22,12.69,2.6,23.89,3.44,6.27,8.54,66.18
199,Shahi Paneer,381,298,37.59,14.17,38,20.28,40.96,1.21,20.37,0.0,7.64,13.26,8.99,2.82,28.27
200,Undhiyu,253,386,29.04,3.43,99,28.29,16.63,7.21,26.71,3.27,16.75,17.81,2.97,1.43,34.83
201,Rajma Chawal,396,472,18.44,11.04,69,21.2,29.45,8.77,19.14,2.19,15.82,14.48,5.26,6.0,40.91
202,Rogan Josh,134,399,8.24,17.24,99,2.43,62.09,7.33,15.19,0.78,29.77,4.55,3.31,6.49,60.68
203,Momos,209,255,32.79,14.33,67,18.55,64.25,6.74,1.88,0.78,5.25,15.77,3.25,4.07,45.13
204,Thukpa,329,228,37.12,10.82,37,24.08,52.87,5.55,18.89,0.0,48.0,10.82,9.61,1.76,40.33
205,Baingan Bharta,311,429,7.61,2.23,86,11.5,76.02,7.14,2.9,0.0,16.61,12.02,5.82,9.77,49.93
206,Chole Bhature,247,608,20.61,7.88,6,14.45,64.91,7.43,21.51,4.41,45.58,10.97,5.75,6.4,17.11
207,Puttu,310,515,42.4,10.61,73,12.96,20.88,2.59,27.59,0.0,25.85,11.41,14.36,2.82,63.32
208,Chaas,173,169,20.96,7.65,38,21.48,33.51,4.09,23.58,2.05,29.87,16.56,7.39,2.91,57.99
209,Khakhra,336,794,24.96,5.69,62,21.01,66.52,7.91,27.16,3.61,40.01,8.07,4.45,6.84,63.31
210,Makki ki Roti,278,455,40.56,8.29,69,8.62,29.56,3.23,29.17,0.0,44.05,14.82,9.37,4.51,53.93
211,Besan Laddu,192,354,40.34,11.02,20,17.9,37.25,9.21,11.73,3.92,9.23,4.28,4.09,9.26,25.66
212,Rasgulla,389,665,21.09,16.39,17,25.74,74.63,2.2,27.59,1.44,45.5,10.37,11.76,6.26,62.23
213,Nankhatai,167,726,31.74,14.84,52,25.79,77.67,8.01,4.19,1.4,28.89,15.28,13.9,8.97,29.18
214,Gatte ki Sabzi,326,508,42.06,16.61,88,3.71,68.56,9.47,10.37,4.41,12.64,9.84,6.56,4.7,35.2
215,Puttu,250,303,20.74,13.61,85,7.62,13.37,6.98,9.43,1.77,13.46,15.05,4.93,7.82,25.59
216,Pesarattu,253,627,14.92,10.67,88,5.2,34.7,4.44,4.73,0.0,28.75,9.68,2.2,9.23,19.48
217,Puttu,141,340,49.94,9.35,62,28.36,64.71,5.13,29.81,1.1,21.11,16.19,10.74,4.66,60.01
218,Butter Naan,222,607,42.96,6.09,64,4.59,75.15,1.86,13.87,0.0,28.29,18.36,4.97,4.85,25.24
219,Idiyappam,161,769,43.18,4.28,12,27.03,65.56,1.82,11.92,1.33,16.19,6.93,11.52,2.0,37.63
220,Puttu,366,684,48.75,4.44,63,7.86,26.42,1.88,5.92,0.0,19.17,13.35,3.81,4.4,31.12
221,Appam,131,397,49.34,5.99,19,2.92,74.99,6.51,20.84,4.62,33.39,10.41,13.12,1.05,69.14
222,Chicken 65,266,632,12.6,9.8,10,4.48,22.54,8.34,29.79,0.0,7.15,17.43,6.97,7.2,16.72
223,Shahi Paneer,232,383,6.05,6.75,22,2.31,16.03,4.71,12.51,0.31,14.73,13.35,8.78,5.83,12.51
224,Butter Naan,166,304,11.52,8.32,47,15.17,17.47,2.62,21.05,1.73,28.52,19.36,8.69,1.65,52.33
225,Basundi,118,478,9.35,18.96,42,20.75,14.61,8.84,20.55,0.42,36.41,6.54,6.7,4.96,56.34
226,Misal Pav,238,572,48.98,8.49,99,23.05,34.83,3.59,29.21,4.96,43.44,17.53,3.23,9.81,57.05
227,Undhiyu,309,695,20.22,5.33,97,20.38,59.84,5.54,24.61,1.97,9.08,18.97,11.03,6.74,62.92
228,Chicken 65,367,191,19.42,4.1,93,6.17,15.34,3.37,24.26,0.0,27.57,9.53,3.15,6.91,39.32
229,Malai Kofta,275,640,10.31,2.85,21,27.7,43.46,6.66,7.98,1.55,16.38,13.91,8.44,9.27,38.59
230,Bhindi Masala,105,551,31.5,5.16,86,2.35,37.91,6.87,20.23,3.75,21.65,6.03,9.81,8.44,66.17
231,Vegetable Biryani,144,649,17.99,2.2,10,15.97,61.35,5.41,24.72,0.0,40.94,18.36,11.18,8.69,45.48
232,Gajar ka Halwa,256,215,30.11,5.43,42,7.43,44.29,7.13,29.7,0.0,31.73,4.18,4.6,1.17,43.53
233,Kheer,275,611,48.1,5.34,36,28.42,70.4,3.76,10.38,0.3,8.01,13.3,10.27,2.43,21.24
234,Gatte ki Sabzi,130,686,33.39,2.84,24,2.74,73.32,2.22,7.23,0.0,10.95,8.63,2.55,9.2,58.74
235,Pav Bhaji,271,445,5.48,2.99,78,2.2,54.79,6.18,22.09,3.92,25.8,16.72,9.03,4.89,10.32
236,Paneer Butter Masala,337,487,34.63,12.45,64,19.18,12.51,9.38,3.85,4.02,35.37,10.32,13.11,7.58,21.1
237,Chaas,244,386,11.61,11.49,65,13.31,36.34,4.69,9.07,2.04,38.13,7.1,13.85,4.53,63.81
238,Mysore Pak,299,635,31.06,11.73,47,22.06,28.88,1.67,11.15,0.0,11.7,2.43,3.0,5.92,39.41
239,Srikhand,101,569,27.18,6.13,84,20.08,32.78,4.69,3.94,0.0,9.89,4.69,8.29,1.75,30.69
240,Shahi Paneer,135,150,16.27,15.09,39,11.02,20.71,3.78,21.26,0.0,17.12,9.59,13.48,6.0,65.91
241,Mutton Curry,168,176,30.81,17.47,59,7.02,77.04,3.49,20.81,0.07,13.44,2.03,10.03,6.28,57.08
242,Jalebi,216,722,45.39,17.91,72,19.83,77.09,7.97,18.48,3.89,29.0,8.1,10.08,8.88,61.54
243,Samosa,292,395,26.08,2.6,10,25.76,20.01,1.33,14.33,3.21,26.28,14.54,12.7,4.42,69.84
244,Kheer,170,428,40.05,2.43,44,19.44,69.52,1.99,16.8,1.13,30.51,3.04,10.83,3.71,24.49
245,Rogan Josh,274,648,13.7,4.64,47,27.58,28.34,1.2,11.69,0.0,49.03,7.54,7.41,5.15,34.22
246,Rabri,141,272,35.06,3.18,65,2.66,67.09,6.88,15.98,0.0,39.99,2.53,6.84,4.5,26.38
247,Gulab Jamun,266,598,46.89,5.6,31,24.65,67.11,7.52,14.84,0.0,46.81,16.1,10.94,3.36,10.38
248,Kadhi Pakora,381,625,40.31,11.12,58,26.32,51.55,5.26,29.15,0.0,19.42,17.64,10.07,6.87,21.59
249,Vada Pav,169,687,43.4,16.08,74,14.9,51.02,7.04,4.75,4.94,40.21,12.66,12.34,4.11,65.38
250,Vada Pav,372,208,32.42,16.94,68,29.17,66.51,3.98,15.92,0.0,17.38,15.81,5.27,8.16,22.33
251,Fish Curry,254,293,39.19,8.55,27,27.76,63.42,3.3,16.06,0.0,36.13,3.64,11.07,6.0,36.47
252,Idiyappam,342,233,27.59,16.74,41,16.66,72.79,5.56,17.49,0.0,9.91,19.99,3.06,6.74,22.89
253,Pani Puri,120,479,24.18,6.85,52,17.05,67.92,8.32,27.64,0.0,32.78,6.4,11.4,2.22,36.65
254,Sarson ka Saag,332,678,7.83,5.3,79,29.78,61.25,9.94,5.93,0.0,14.91,18.01,3.18,4.08,24.74
255,Dhokla,382,658,17.13,3.86,76,17.57,39.12,5.58,11.57,2.7,39.61,6.1,8.13,9.11,29.88
256,Chole Bhature,254,404,22.86,2.39,60,24.97,63.88,6.01,22.62,0.0,24.29,17.03,12.36,5.74,61.55
257,Rabri,381,553,31.57,18.32,13,2.93,14.91,2.3,20.9,0.0,35.42,11.52,5.99,8.27,54.27
258,Kadhi Pakora,258,396,13.34,16.35,60,27.42,16.5,5.42,19.61,0.46,24.14,3.14,3.09,9.48,54.5
259,Pongal,382,626,18.51,10.76,45,25.34,71.2,8.44,10.4,0.0,44.37,8.66,5.72,6.87,17.83
260,Sooji Halwa,183,547,45.69,3.41,73,27.46,69.01,9.52,8.86,2.94,23.49,19.6,9.31,4.78,56.3
261,Masala Dosa,241,272,9.42,18.13,52,21.84,68.29,6.29,13.22,0.0,39.05,19.3,8.21,6.35,35.18
262,Hyderabadi Biryani,392,239,48.9,13.98,51,22.3,13.0,5.82,2.64,0.0,29.82,9.75,13.94,9.33,26.8
263,Gajar ka Halwa,225,150,9.81,14.96,14,18.65,15.74,9.36,17.22,0.56,24.3,9.29,14.74,1.55,11.51
264,Masala Chai,198,571,22.4,14.5,4,4.45,29.87,8.72,17.12,0.0,20.9,20.0,1.04,9.31,22.18
265,Gulab Jamun,305,506,13.78,12.22,67,10.36,26.97,5.81,16.81,0.0,16.29,17.37,8.35,9.96,22.33
266,Gatte ki Sabzi,154,688,44.55,10.82,18,29.05,64.47,2.07,21.41,0.0,44.86,14.61,6.11,6.96,54.78
267,Mango Lassi,211,532,37.02,3.08,97,25.47,20.36,1.26,15.56,2.03,45.6,19.61,3.35,4.7,47.68
268,Aloo Paratha,100,273,29.66,7.63,100,12.36,66.35,9.7,11.42,0.0,35.44,2.65,9.92,8.23,16.73
269,Samosa,320,634,14.42,16.15,31,3.87,63.9,6.5,6.89,4.68,38.84,14.83,1.96,6.05,52.79
270,Phirni,289,686,13.37,7.11,45,11.23,11.59,8.93,15.06,1.37,36.18,8.2,13.34,2.34,51.74
271,Hyderabadi Biryani,170,335,47.7,6.97,24,26.71,65.05,3.01,8.12,0.0,7.74,5.63,14.79,4.98,44.01
272,Pani Puri,293,298,47.95,17.58,41,11.44,30.89,7.31,29.54,0.0,7.24,19.84,7.08,8.5,31.53
273,Aloo Paratha,192,174,22.9,9.98,70,17.25,77.47,3.11,12.82,0.95,46.6,5.65,3.56,2.86,31.53
274,Litti Chokha,267,399,37.33,2.66,71,18.89,26.21,1.23,5.75,1.29,15.43,9.98,2.35,8.96,48.57
275,Handvo,278,343,13.75,8.42,7,14.73,30.68,9.29,20.95,0.0,22.98,5.78,12.34,7.57,17.36
276,Pesarattu,207,726,29.03,17.87,100,21.14,70.86,4.16,7.93,0.0,41.36,8.03,11.19,2.05,57.91
277,Rajma Chawal,310,557,42.15,11.83,37,7.44,18.33,3.99,1.08,0.0,44.72,2.46,2.31,8.44,12.9
278,Palak Paneer,316,492,32.77,6.44,70,29.56,25.25,8.59,18.54,1.24,49.4,2.15,8.59,5.24,41.86
279,Jalebi,182,747,22.23,2.55,42,20.9,28.73,4.82,9.97,4.43,25.06,3.54,10.61,9.28,47.27
280,Fish Curry,132,516,22.45,2.62,8,10.87,44.07,8.29,5.62,4.08,44.79,15.83,14.98,8.38,62.7
281,Malai Kofta,119,640,6.24,3.65,75,14.3,15.46,4.69,25.31,2.33,7.36,11.25,5.73,8.01,51.76
282,Thukpa,397,778,42.3,5.98,15,14.42,23.93,5.71,26.62,0.0,22.35,3.61,12.2,2.04,52.17
283,Idiyappam,317,567,7.98,7.68,22,21.6,57.95,4.66,3.98,4.18,9.53,3.63,5.8,9.76,33.93
284,Aloo Paratha,212,425,39.06,20.0,95,23.18,75.91,7.42,16.42,4.09,30.11,8.97,12.14,1.35,15.35
285,Appam,387,231,34.94,10.81,93,26.13,72.47,3.28,15.13,3.69,25.37,18.23,10.41,2.67,32.7
286,Dahi Bhalla,225,236,17.63,17.49,80,10.41,50.18,1.62,2.16,4.0,37.81,3.18,6.28,8.8,64.11
287,Gajar ka Halwa,365,528,39.96,8.16,52,17.8,27.18,4.84,3.85,0.0,24.94,18.71,5.64,6.7,41.64
288,Bhindi Masala,222,455,47.03,2.48,72,18.46,23.43,8.92,15.6,3.7,30.11,3.07,12.3,4.83,61.33
289,Tandoori Chicken,122,496,44.5,5.24,46,29.68,55.58,5.61,24.96,0.0,48.11,13.47,7.11,5.18,45.86
290,Pani Puri,244,692,10.75,11.54,39,6.01,59.89,1.73,26.93,3.97,38.05,12.84,6.48,1.37,34.82
291,Basundi,227,193,39.32,17.87,39,28.21,63.32,4.67,11.19,0.0,18.17,4.18,13.91,2.96,41.35
292,Malai Kofta,108,641,35.62,14.8,70,14.38,49.19,5.44,29.68,0.0,26.39,2.81,2.16,7.95,65.53
293,Phirni,196,445,44.59,7.83,42,10.3,67.71,1.08,4.51,0.0,47.45,11.25,4.47,7.52,42.98
294,Nankhatai,377,736,35.27,19.03,54,5.06,20.91,1.34,24.11,0.0,30.14,15.9,11.94,7.34,37.24
295,Baingan Bharta,278,669,37.01,16.04,74,15.79,62.67,3.92,3.07,2.66,41.07,10.32,8.89,4.5,49.6
296,Vegetable Biryani,152,501,25.73,17.13,67,28.4,18.85,5.18,29.3,0.0,31.68,13.98,7.59,3.39,29.72
297,Fish Curry,124,533,13.66,2.79,13,6.72,65.97,1.47,4.43,0.0,47.25,18.72,3.07,3.11,49.34
298,Chaas,127,169,47.14,17.57,73,7.8,40.13,7.91,26.03,0.0,40.02,12.56,13.28,4.22,69.05
299,Thekua,295,183,28.68,11.95,21,5.84,35.32,7.25,12.28,1.82,45.87,15.88,5.21,1.52,24.73
300,Khakhra,131,578,39.87,5.55,60,21.33,16.89,3.67,4.68,0.0,12.08,8.33,11.07,2.74,66.42
